"year","month","carrier","carrier_name","arr_flights","carrier_delay","weather_delay","nas_delay","security_delay","late_aircraft_delay","cause_total"
2019,1,"AA","American Airlines Network",77017,270663,42914,216248,1603,274148,805576
2019,2,"AA","American Airlines Network",71059,303360,38317,250326,1341,366252,959596
2019,3,"AA","American Airlines Network",80027,357541,36076,173228,1117,436579,1004541
2019,4,"AA","American Airlines Network",76765,373600,58039,238300,1351,428728,1100018
2019,5,"AA","American Airlines Network",81666,455936,110260,339010,1079,643959,1550244
2019,6,"AA","American Airlines Network",80090,512086,84518,330886,3305,646665,1577460
2019,7,"AA","American Airlines Network",81801,449424,90248,272900,1753,562320,1376645
2019,8,"AA","American Airlines Network",82689,417206,80021,309858,3166,530155,1340406
2019,9,"AA","American Airlines Network",77663,280990,19779,196615,1186,305000,803570
2019,10,"AA","American Airlines Network",81028,323997,34308,218240,965,365324,942834
2019,11,"AA","American Airlines Network",77566,297484,18176,129217,1070,283323,729270
2019,12,"AA","American Airlines Network",79405,321322,23198,203348,1361,357265,906494
2020,1,"AA","American Airlines Network",76276,307687,29139,133656,1818,274339,746639
2020,2,"AA","American Airlines Network",72402,314045,24147,160952,1177,289558,789879
2020,3,"AA","American Airlines Network",80330,205294,10841,105153,562,158299,480149
2020,4,"AA","American Airlines Network",42362,64660,3124,10306,215,17882,96187
2020,5,"AA","American Airlines Network",21904,34303,3881,6497,1022,15194,60897
2020,6,"AA","American Airlines Network",27054,60249,10068,16743,271,23056,110387
2020,7,"AA","American Airlines Network",46161,119694,29032,57441,768,74222,281157
2020,8,"AA","American Airlines Network",46807,102235,25402,60183,1738,51214,240772
2020,9,"AA","American Airlines Network",38890,87461,15455,51790,1945,39117,195768
2020,10,"AA","American Airlines Network",40644,124503,13139,57472,1634,79832,276580
2020,11,"AA","American Airlines Network",38480,107406,6151,40189,1251,50157,205154
2020,12,"AA","American Airlines Network",38496,127147,16071,68509,560,66564,278851
2021,1,"AA","American Airlines Network",38226,115829,24452,78123,1096,63297,282797
2021,2,"AA","American Airlines Network",34256,126419,57584,69169,1273,75683,330128
2021,3,"AA","American Airlines Network",47648,156763,15362,70630,1739,97473,341967
2021,4,"AA","American Airlines Network",52305,172380,18915,78397,3825,114486,388003
2021,5,"AA","American Airlines Network",61032,281557,60163,134647,2427,241514,720308
2021,6,"AA","American Airlines Network",70426,526942,92065,207486,4635,550123,1381251
2021,7,"AA","American Airlines Network",72965,517268,85123,187685,4547,581457,1376080
2021,8,"AA","American Airlines Network",73455,514757,105262,193735,3675,482821,1300250
2021,9,"AA","American Airlines Network",67576,284358,28440,98562,2629,250142,664131
2021,10,"AA","American Airlines Network",73778,432892,24701,135970,3383,382109,979055
2021,11,"AA","American Airlines Network",72908,355404,8226,65305,3185,304145,736265
2021,12,"AA","American Airlines Network",71824,336696,12282,105294,3577,317044,774893
2022,1,"AA","American Airlines Network",69400,341638,28206,99241,1733,245968,716786
2022,2,"AA","American Airlines Network",64867,392979,60842,161138,2625,310399,927983
2022,3,"AA","American Airlines Network",71264,344517,25581,175142,2533,318260,866033
2022,4,"AA","American Airlines Network",67177,360191,38200,173427,1938,405587,979343
2022,5,"AA","American Airlines Network",71652,403334,68856,189886,1212,451018,1114306
2022,6,"AA","American Airlines Network",74979,651688,102471,235775,2363,717403,1709700
2022,7,"AA","American Airlines Network",76614,606730,89805,220919,2909,764782,1685145
2022,8,"AA","American Airlines Network",78327,534621,108880,235488,3314,585473,1467776
2022,9,"AA","American Airlines Network",72211,426693,46163,141248,1484,438594,1054182
2022,10,"AA","American Airlines Network",77601,413362,37965,140577,2084,486899,1080887
2022,11,"AA","American Airlines Network",73904,448246,36787,162988,1994,535472,1185487
2022,12,"AA","American Airlines Network",76149,594206,84385,195220,2879,826539,1703229
2023,1,"AA","American Airlines Network",74999,445582,56400,291922,3567,512505,1309976
2023,2,"AA","American Airlines Network",71289,431323,41282,147569,3160,549093,1172427
2023,3,"AA","American Airlines Network",78705,556169,60977,247090,2378,787665,1654279
2023,4,"AA","American Airlines Network",77039,548035,72156,242656,2460,771189,1636496
2023,5,"AA","American Airlines Network",79782,546582,65039,146486,3585,670904,1432596
2023,6,"AA","American Airlines Network",80416,723730,138369,303839,2794,1112779,2281511
2023,7,"AA","American Airlines Network",83013,848318,118094,300200,3188,1258371,2528171
2023,8,"AA","American Airlines Network",85157,764449,82747,188922,3844,1142854,2182816
2023,9,"AA","American Airlines Network",76972,462599,60740,190528,2367,589307,1305541
2023,10,"AA","American Airlines Network",81344,405969,34140,122544,2417,492496,1057566
2023,11,"AA","American Airlines Network",76407,364933,12255,102373,2725,328179,810465
2023,12,"AA","American Airlines Network",75408,370219,12019,125154,3057,413114,923563
2024,1,"AA","American Airlines Network",77346,610041,149704,283506,6127,889904,1939282
2024,2,"AA","American Airlines Network",74870,375354,26329,139428,2765,435467,979343
2024,3,"AA","American Airlines Network",82259,587696,84440,250409,3844,977981,1904370
2024,4,"AA","American Airlines Network",81216,489810,94422,232822,2900,758231,1578185
2024,5,"AA","American Airlines Network",86765,898176,207232,428798,4791,1376643,2915640
2024,6,"AA","American Airlines Network",85581,804481,137429,265172,3718,1228650,2439450
2024,7,"AA","American Airlines Network",88291,982025,130419,322929,4278,1741806,3181457
2024,8,"AA","American Airlines Network",85963,754133,135519,286112,3457,1127776,2306997
2024,9,"AA","American Airlines Network",80709,412152,47421,160444,1902,473939,1095858
2024,10,"AA","American Airlines Network",86812,382989,28767,115485,2212,422756,952209
2024,11,"AA","American Airlines Network",76757,333487,34265,136819,2359,389528,896458
2024,12,"AA","American Airlines Network",77737,491238,98339,194684,2334,666468,1453063
2025,1,"AA","American Airlines Network",75088,413376,81734,188499,1969,424388,1109966
2025,2,"AA","American Airlines Network",69876,412062,57510,199331,1668,443149,1113720
2025,3,"AA","American Airlines Network",82536,485938,85461,266089,1800,669660,1508948
2025,4,"AA","American Airlines Network",82261,491631,82080,244861,1733,705011,1525316
2025,5,"AA","American Airlines Network",86123,536873,146627,330584,2258,782286,1798628
2025,6,"AA","American Airlines Network",85419,715003,192717,373066,2082,1127962,2410830
2025,7,"AA","American Airlines Network",87852,863804,181286,377609,2238,1364362,2789299
2025,8,"AA","American Airlines Network",83024,675438,140605,280011,2722,1074559,2173335
2025,9,"AA","American Airlines Network",77306,495380,81842,193450,1667,577881,1350220
2025,10,"AA","American Airlines Network",85483,519047,46644,234298,1913,744072,1545974
2025,11,"AA","American Airlines Network",78826,496137,51074,275124,2284,628350,1452969
2025,12,"AA","American Airlines Network",79859,560450,63844,212207,2532,790462,1629495
2019,1,"DL","Delta Air Lines Network",73836,221778,72918,192976,170,176751,664593
2019,2,"DL","Delta Air Lines Network",67337,261649,108760,238089,1172,277551,887221
2019,3,"DL","Delta Air Lines Network",84208,253470,45444,143122,778,176473,619287
2019,4,"DL","Delta Air Lines Network",81949,299661,54070,236532,531,273503,864297
2019,5,"DL","Delta Air Lines Network",85579,271562,41123,219405,830,213468,746388
2019,6,"DL","Delta Air Lines Network",87350,401619,71945,316159,1308,385251,1176282
2019,7,"DL","Delta Air Lines Network",90812,491239,88232,350310,842,445775,1376398
2019,8,"DL","Delta Air Lines Network",91278,397448,49337,306731,1139,307054,1061709
2019,9,"DL","Delta Air Lines Network",81745,213524,30851,168718,348,137960,551401
2019,10,"DL","Delta Air Lines Network",86322,237795,20956,191169,917,156281,607118
2019,11,"DL","Delta Air Lines Network",80046,187728,33261,135397,329,127332,484047
2019,12,"DL","Delta Air Lines Network",81524,257675,43330,217742,436,215545,734728
2020,1,"DL","Delta Air Lines Network",80067,194011,45688,140998,643,119258,500598
2020,2,"DL","Delta Air Lines Network",75446,210382,43191,173368,301,249693,676935
2020,3,"DL","Delta Air Lines Network",86291,186205,9428,77168,299,66456,339556
2020,4,"DL","Delta Air Lines Network",26002,63656,1124,18480,104,6069,89433
2020,5,"DL","Delta Air Lines Network",16952,32267,1244,7734,0,3477,44722
2020,6,"DL","Delta Air Lines Network",21865,38118,3068,11896,368,9286,62736
2020,7,"DL","Delta Air Lines Network",37269,106251,9326,43919,1144,35357,195997
2020,8,"DL","Delta Air Lines Network",47458,110687,14469,54678,1255,39943,221032
2020,9,"DL","Delta Air Lines Network",44323,70385,7889,21053,915,23753,123995
2020,10,"DL","Delta Air Lines Network",46775,89220,11329,37323,680,26416,164968
2020,11,"DL","Delta Air Lines Network",49275,101901,5594,58217,1263,33390,200365
2020,12,"DL","Delta Air Lines Network",49378,166322,18908,101411,714,55346,342701
2021,1,"DL","Delta Air Lines Network",48239,137825,9699,80371,660,59806,288361
2021,2,"DL","Delta Air Lines Network",43738,130604,41197,74044,806,44970,291621
2021,3,"DL","Delta Air Lines Network",55856,153374,8956,54197,837,43309,260673
2021,4,"DL","Delta Air Lines Network",55500,188724,25813,65507,3823,74832,358699
2021,5,"DL","Delta Air Lines Network",61115,205804,21147,69391,1434,82505,380281
2021,6,"DL","Delta Air Lines Network",65882,283148,28802,100763,1421,122192,536326
2021,7,"DL","Delta Air Lines Network",70002,360250,45384,117181,3041,168114,693970
2021,8,"DL","Delta Air Lines Network",70653,325664,42055,109815,1534,144003,623071
2021,9,"DL","Delta Air Lines Network",67597,235617,25196,74369,1744,93466,430392
2021,10,"DL","Delta Air Lines Network",70518,265897,16149,92386,1439,120798,496669
2021,11,"DL","Delta Air Lines Network",70361,236843,12212,62711,5980,97761,415507
2021,12,"DL","Delta Air Lines Network",68537,444351,76621,137941,1230,239863,900006
2022,1,"DL","Delta Air Lines Network",68963,338966,35376,105647,657,150173,630819
2022,2,"DL","Delta Air Lines Network",62755,275837,39896,102150,1023,135440,554346
2022,3,"DL","Delta Air Lines Network",75366,461956,46830,176765,845,293784,980180
2022,4,"DL","Delta Air Lines Network",73076,480139,30105,156595,408,265406,932653
2022,5,"DL","Delta Air Lines Network",76300,495171,33599,127169,379,219326,875644
2022,6,"DL","Delta Air Lines Network",76887,548281,43541,169701,859,297122,1059504
2022,7,"DL","Delta Air Lines Network",78767,563978,42031,149946,851,311924,1068730
2022,8,"DL","Delta Air Lines Network",78673,464546,45348,169323,647,221244,901108
2022,9,"DL","Delta Air Lines Network",74760,268859,15414,78531,738,115674,479216
2022,10,"DL","Delta Air Lines Network",75987,316587,10747,87234,885,122830,538283
2022,11,"DL","Delta Air Lines Network",75867,342385,34796,129065,723,167459,674428
2022,12,"DL","Delta Air Lines Network",75771,493525,86517,156869,765,271099,1008775
2023,1,"DL","Delta Air Lines Network",75174,501463,85190,203900,688,312789,1104030
2023,2,"DL","Delta Air Lines Network",69152,419185,48949,121124,651,220441,810350
2023,3,"DL","Delta Air Lines Network",82791,528411,56411,219779,619,355230,1160450
2023,4,"DL","Delta Air Lines Network",80230,493293,34323,175884,916,273746,978162
2023,5,"DL","Delta Air Lines Network",84459,395623,23225,86867,1031,178079,684825
2023,6,"DL","Delta Air Lines Network",85929,720232,62303,232487,1515,448045,1464582
2023,7,"DL","Delta Air Lines Network",89751,762311,80785,265728,911,508455,1618190
2023,8,"DL","Delta Air Lines Network",89057,598642,80605,209508,884,401826,1291465
2023,9,"DL","Delta Air Lines Network",81701,409610,35503,164172,738,229581,839604
2023,10,"DL","Delta Air Lines Network",85367,288562,13139,65277,843,116296,484117
2023,11,"DL","Delta Air Lines Network",80353,241603,7255,66794,546,97235,413433
2023,12,"DL","Delta Air Lines Network",81022,286588,29001,82923,1121,127731,527364
2024,1,"DL","Delta Air Lines Network",74384,423363,129066,197503,979,288500,1039411
2024,2,"DL","Delta Air Lines Network",71218,259179,18820,104124,1259,107037,490419
2024,3,"DL","Delta Air Lines Network",82668,411974,28403,194785,372,260257,895791
2024,4,"DL","Delta Air Lines Network",82812,398024,25551,176680,1355,257145,858755
2024,5,"DL","Delta Air Lines Network",88381,512105,57739,282313,1133,459738,1313028
2024,6,"DL","Delta Air Lines Network",89065,554930,55710,264932,570,370575,1246717
2024,7,"DL","Delta Air Lines Network",92296,1359483,70933,335991,944,723331,2490682
2024,8,"DL","Delta Air Lines Network",90397,566317,55989,278557,563,372824,1274250
2024,9,"DL","Delta Air Lines Network",84545,338780,38997,106803,628,189944,675152
2024,10,"DL","Delta Air Lines Network",88300,294529,11578,67787,446,131946,506286
2024,11,"DL","Delta Air Lines Network",81825,272237,23073,108264,409,135011,538994
2024,12,"DL","Delta Air Lines Network",83283,493308,48392,194024,870,328907,1065501
2025,1,"DL","Delta Air Lines Network",76306,473239,131009,222491,296,305736,1132771
2025,2,"DL","Delta Air Lines Network",71333,439238,58542,203865,598,290809,993052
2025,3,"DL","Delta Air Lines Network",84487,462197,43377,241077,529,368664,1115844
2025,4,"DL","Delta Air Lines Network",84188,458932,46464,205423,718,302209,1013746
2025,5,"DL","Delta Air Lines Network",89931,550712,60425,334353,1281,438948,1385719
2025,6,"DL","Delta Air Lines Network",91122,752423,102339,373173,1154,581465,1810554
2025,7,"DL","Delta Air Lines Network",94066,740038,100784,384158,524,583345,1808849
2025,8,"DL","Delta Air Lines Network",90313,513058,57830,194528,511,322743,1088670
2025,9,"DL","Delta Air Lines Network",84875,335946,18945,152467,665,199290,707313
2025,10,"DL","Delta Air Lines Network",90097,428231,16887,211795,846,299039,956798
2025,11,"DL","Delta Air Lines Network",84475,445090,30651,283899,1156,320539,1081335
2025,12,"DL","Delta Air Lines Network",85139,686199,74001,311723,887,517160,1589970
2019,1,"MQ","Envoy Air",25696,68356,28628,111350,192,134101,342627
2019,2,"MQ","Envoy Air",23335,102954,34169,103674,203,184093,425093
2019,3,"MQ","Envoy Air",26749,74475,13896,55150,113,112332,255966
2019,4,"MQ","Envoy Air",26174,72392,29179,79049,459,108949,290028
2019,5,"MQ","Envoy Air",28797,91821,46469,119128,147,180885,438450
2019,6,"MQ","Envoy Air",28448,123302,39774,143507,329,217933,524845
2019,7,"MQ","Envoy Air",29562,108334,35715,116273,168,191725,452215
2019,8,"MQ","Envoy Air",29942,85138,34910,102421,227,162566,385262
2019,9,"MQ","Envoy Air",27251,68203,19573,89748,234,114340,292098
2019,10,"MQ","Envoy Air",28056,74804,25472,88029,328,121742,310375
2019,11,"MQ","Envoy Air",25957,64961,15126,53853,333,80583,214856
2019,12,"MQ","Envoy Air",27117,79387,39127,74882,286,175253,368935
2020,1,"MQ","Envoy Air",26201,71434,34508,67222,291,131164,304619
2020,2,"MQ","Envoy Air",24193,63932,14219,67338,201,107411,253101
2020,3,"MQ","Envoy Air",27039,45633,10339,40464,148,52185,148769
2020,4,"MQ","Envoy Air",14310,6904,1623,4307,32,3300,16166
2020,5,"MQ","Envoy Air",9369,10025,3426,9451,86,12662,35650
2020,6,"MQ","Envoy Air",11163,18771,6311,17630,77,18403,61192
2020,7,"MQ","Envoy Air",17852,32910,12297,37576,205,41761,124749
2020,8,"MQ","Envoy Air",16481,22105,21374,27867,151,21344,92841
2020,9,"MQ","Envoy Air",15390,24809,13012,32092,129,19666,89708
2020,10,"MQ","Envoy Air",16624,25867,17620,49605,309,45978,139379
2020,11,"MQ","Envoy Air",15953,27885,7105,28104,316,15894,79304
2020,12,"MQ","Envoy Air",16860,33028,14060,50554,360,39288,137290
2021,1,"MQ","Envoy Air",17666,30111,25329,67019,635,36315,159409
2021,2,"MQ","Envoy Air",15650,28437,43837,65700,123,43912,182009
2021,3,"MQ","Envoy Air",19772,33851,15420,45670,275,44546,139762
2021,4,"MQ","Envoy Air",19609,29776,17559,41482,408,51708,140933
2021,5,"MQ","Envoy Air",21513,40669,44350,67955,678,84017,237669
2021,6,"MQ","Envoy Air",23530,76137,50044,78351,696,144035,349263
2021,7,"MQ","Envoy Air",24278,94073,25602,58824,291,145376,324166
2021,8,"MQ","Envoy Air",24058,71551,51880,76383,551,106135,306500
2021,9,"MQ","Envoy Air",21729,40897,12338,33946,130,41661,128972
2021,10,"MQ","Envoy Air",22774,50764,18302,52253,212,59105,180636
2021,11,"MQ","Envoy Air",22327,50590,6874,21748,692,46878,126782
2021,12,"MQ","Envoy Air",22845,59410,22890,34403,376,73138,190217
2022,1,"MQ","Envoy Air",22205,58011,19109,46362,363,61576,185421
2022,2,"MQ","Envoy Air",20762,58740,29982,43539,832,68823,201916
2022,3,"MQ","Envoy Air",22503,58956,22105,44940,563,67587,194151
2022,4,"MQ","Envoy Air",21769,63193,24980,52066,450,79595,220284
2022,5,"MQ","Envoy Air",21352,62868,24701,48465,337,72560,208931
2022,6,"MQ","Envoy Air",20312,62777,26883,45297,197,70845,205999
2022,7,"MQ","Envoy Air",21855,56823,24000,52719,375,102877,236794
2022,8,"MQ","Envoy Air",21858,64939,44893,66407,463,98455,275157
2022,9,"MQ","Envoy Air",19920,43029,14496,33781,135,62303,153744
2022,10,"MQ","Envoy Air",19254,40477,16747,31527,348,53968,143067
2022,11,"MQ","Envoy Air",17419,54487,21445,46905,288,77089,200214
2022,12,"MQ","Envoy Air",18803,71859,56689,63555,386,139577,332066
2023,1,"MQ","Envoy Air",18837,52193,25059,80352,318,87216,245138
2023,2,"MQ","Envoy Air",17230,48799,14822,34346,421,60577,158965
2023,3,"MQ","Envoy Air",19370,61299,26411,58069,533,108023,254335
2023,4,"MQ","Envoy Air",18139,48793,31658,54784,463,90604,226302
2023,5,"MQ","Envoy Air",17642,43168,16939,34640,552,55324,150623
2023,6,"MQ","Envoy Air",17184,52022,26781,64160,192,94774,237929
2023,7,"MQ","Envoy Air",19534,60163,25060,57178,298,115269,257968
2023,8,"MQ","Envoy Air",20410,52447,17511,39080,610,86962,196610
2023,9,"MQ","Envoy Air",18787,43540,15374,47160,319,75726,182119
2023,10,"MQ","Envoy Air",20225,48248,14388,43381,429,70973,177419
2023,11,"MQ","Envoy Air",19727,48739,8010,29193,327,69980,156249
2023,12,"MQ","Envoy Air",20420,39476,16425,30335,578,64586,151400
2024,1,"MQ","Envoy Air",20750,68104,62610,81048,662,165724,378148
2024,2,"MQ","Envoy Air",20115,37429,15398,31350,411,50033,134621
2024,3,"MQ","Envoy Air",22721,60039,29559,58925,592,116429,265544
2024,4,"MQ","Envoy Air",23146,59037,40899,60852,398,117250,278436
2024,5,"MQ","Envoy Air",24480,114447,86793,129213,785,275658,606896
2024,6,"MQ","Envoy Air",25097,109228,37507,79027,628,237899,464289
2024,7,"MQ","Envoy Air",26104,118135,31980,86072,668,239985,476840
2024,8,"MQ","Envoy Air",25924,79951,19122,66394,359,139998,305824
2024,9,"MQ","Envoy Air",23598,51711,8522,46035,279,78783,185330
2024,10,"MQ","Envoy Air",23564,45008,6693,27262,308,51085,130356
2024,11,"MQ","Envoy Air",21821,41866,19799,43981,212,64673,170531
2024,12,"MQ","Envoy Air",22510,67542,51037,59415,512,137936,316442
2025,1,"MQ","Envoy Air",21888,72830,41204,63861,412,101329,279636
2025,2,"MQ","Envoy Air",19992,59412,24469,57473,296,91996,233646
2025,3,"MQ","Envoy Air",24034,70896,30163,67016,555,123867,292497
2025,4,"MQ","Envoy Air",24342,67498,39238,79281,234,133060,319311
2025,5,"MQ","Envoy Air",25529,69013,51272,83742,375,139315,343717
2025,6,"MQ","Envoy Air",26837,93033,45227,95747,470,201363,435840
2025,7,"MQ","Envoy Air",27488,86559,49833,95882,403,207097,439774
2025,8,"MQ","Envoy Air",26570,54232,51615,77484,506,166598,350435
2025,9,"MQ","Envoy Air",25170,46113,28361,62816,31,108637,245958
2025,10,"MQ","Envoy Air",27347,52610,21519,73920,432,131578,280059
2025,11,"MQ","Envoy Air",24683,48474,36673,86786,342,114259,286534
2025,12,"MQ","Envoy Air",25437,70151,39619,89234,375,179874,379253
2019,1,"OH","PSA Airlines Inc.",23170,64732,10881,34622,371,93702,204308
2019,2,"OH","PSA Airlines Inc.",21359,81790,14866,38731,311,148694,284392
2019,3,"OH","PSA Airlines Inc.",24296,83303,3466,30906,384,118654,236713
2019,4,"OH","PSA Airlines Inc.",23950,83559,34261,60550,399,207302,386071
2019,5,"OH","PSA Airlines Inc.",24783,72830,21808,59270,299,144244,298451
2019,6,"OH","PSA Airlines Inc.",24677,95412,26622,72088,429,200474,395025
2019,7,"OH","PSA Airlines Inc.",25238,90346,34236,73840,315,189675,388412
2019,8,"OH","PSA Airlines Inc.",25450,96942,41308,85683,410,235576,459919
2019,9,"OH","PSA Airlines Inc.",23676,66768,7572,28894,284,118197,221715
2019,10,"OH","PSA Airlines Inc.",24505,71807,8209,36439,368,147924,264747
2019,11,"OH","PSA Airlines Inc.",23603,90459,2781,28767,460,157406,279873
2019,12,"OH","PSA Airlines Inc.",24282,101745,12629,58070,349,220276,393069
2020,1,"OH","PSA Airlines Inc.",24311,106986,8465,44519,488,188934,349392
2020,2,"OH","PSA Airlines Inc.",22897,128053,23382,66631,241,300190,518497
2020,3,"OH","PSA Airlines Inc.",25217,67607,2976,30107,214,105518,206422
2020,4,"OH","PSA Airlines Inc.",18155,22897,2103,2992,195,8658,36845
2020,5,"OH","PSA Airlines Inc.",8678,17368,1953,2425,95,7963,29804
2020,6,"OH","PSA Airlines Inc.",9330,20318,5275,5742,179,15639,47153
2020,7,"OH","PSA Airlines Inc.",13936,36299,27856,30317,289,47745,142506
2020,8,"OH","PSA Airlines Inc.",14671,32803,19619,32167,276,46215,131080
2020,9,"OH","PSA Airlines Inc.",13376,19276,2825,13276,512,19032,54921
2020,10,"OH","PSA Airlines Inc.",14081,27385,4363,16883,211,25817,74659
2020,11,"OH","PSA Airlines Inc.",13670,25377,3323,12635,338,22717,64390
2020,12,"OH","PSA Airlines Inc.",14291,36183,5459,15421,438,29475,86976
2021,1,"OH","PSA Airlines Inc.",12615,41751,5500,23632,257,33194,104334
2021,2,"OH","PSA Airlines Inc.",11479,26696,14376,21367,276,33632,96347
2021,3,"OH","PSA Airlines Inc.",15945,23026,11224,21896,374,39580,96100
2021,4,"OH","PSA Airlines Inc.",18093,29576,1560,12041,804,17817,61798
2021,5,"OH","PSA Airlines Inc.",20675,57388,13074,24709,317,69504,164992
2021,6,"OH","PSA Airlines Inc.",20396,82065,28339,52125,781,115588,278898
2021,7,"OH","PSA Airlines Inc.",21269,93229,28728,54916,415,147954,325242
2021,8,"OH","PSA Airlines Inc.",21379,92424,34567,60515,756,148064,336326
2021,9,"OH","PSA Airlines Inc.",19622,50574,10505,32403,873,67836,162191
2021,10,"OH","PSA Airlines Inc.",20867,56617,5645,23557,452,76979,163250
2021,11,"OH","PSA Airlines Inc.",19727,59812,1972,22449,783,88552,173568
2021,12,"OH","PSA Airlines Inc.",20535,77569,9489,33126,696,101146,222026
2022,1,"OH","PSA Airlines Inc.",20541,101388,31536,50358,387,166641,350310
2022,2,"OH","PSA Airlines Inc.",18894,95096,10343,37880,726,162242,306287
2022,3,"OH","PSA Airlines Inc.",19525,81359,13331,42917,997,150045,288649
2022,4,"OH","PSA Airlines Inc.",19189,83521,7524,30517,511,106104,228177
2022,5,"OH","PSA Airlines Inc.",19302,86180,31549,46465,452,128877,293523
2022,6,"OH","PSA Airlines Inc.",19279,101375,33313,57619,555,149912,342774
2022,7,"OH","PSA Airlines Inc.",19154,95195,39510,65913,802,153015,354435
2022,8,"OH","PSA Airlines Inc.",17392,59983,35463,41026,239,95447,232158
2022,9,"OH","PSA Airlines Inc.",16520,39208,3895,21151,416,48343,113013
2022,10,"OH","PSA Airlines Inc.",15981,40486,2160,19959,419,59276,122300
2022,11,"OH","PSA Airlines Inc.",14469,47661,5566,24537,372,65080,143216
2022,12,"OH","PSA Airlines Inc.",14156,41562,16881,26434,574,58764,144215
2023,1,"OH","PSA Airlines Inc.",15472,41857,12514,38295,218,67592,160476
2023,2,"OH","PSA Airlines Inc.",14111,44465,6667,17941,579,46847,116499
2023,3,"OH","PSA Airlines Inc.",16549,58732,11502,29267,731,74798,175030
2023,4,"OH","PSA Airlines Inc.",16033,48585,11665,36123,652,75771,172796
2023,5,"OH","PSA Airlines Inc.",16048,42697,5119,20442,425,52254,120937
2023,6,"OH","PSA Airlines Inc.",17016,101052,22130,48888,584,147705,320359
2023,7,"OH","PSA Airlines Inc.",16940,107823,34681,59689,752,193175,396120
2023,8,"OH","PSA Airlines Inc.",16781,65057,30803,36351,572,104115,236898
2023,9,"OH","PSA Airlines Inc.",16177,66041,19580,30943,415,83884,200863
2023,10,"OH","PSA Airlines Inc.",16785,63395,6444,19833,606,76513,166791
2023,11,"OH","PSA Airlines Inc.",16152,45159,4648,18042,378,68838,137065
2023,12,"OH","PSA Airlines Inc.",16141,54074,17947,21651,804,79951,174427
2024,1,"OH","PSA Airlines Inc.",16525,100741,49121,51106,432,161728,363128
2024,2,"OH","PSA Airlines Inc.",15657,41596,4171,19618,610,60509,126504
2024,3,"OH","PSA Airlines Inc.",17364,68172,9994,25760,908,98544,203378
2024,4,"OH","PSA Airlines Inc.",18610,89252,28111,43378,571,159992,321304
2024,5,"OH","PSA Airlines Inc.",18829,104573,42505,66649,885,214888,429500
2024,6,"OH","PSA Airlines Inc.",18530,80788,27434,39505,756,132642,281125
2024,7,"OH","PSA Airlines Inc.",20078,182138,53305,77529,890,334984,648846
2024,8,"OH","PSA Airlines Inc.",20734,121834,44023,65701,744,217876,450178
2024,9,"OH","PSA Airlines Inc.",19944,101187,25592,41617,476,188013,356885
2024,10,"OH","PSA Airlines Inc.",21144,78512,15336,27596,332,113057,234833
2024,11,"OH","PSA Airlines Inc.",19668,62595,6167,27138,345,75939,172184
2024,12,"OH","PSA Airlines Inc.",20903,135845,32394,55472,493,259941,484145
2025,1,"OH","PSA Airlines Inc.",21092,122939,46314,63227,925,196021,429426
2025,2,"OH","PSA Airlines Inc.",19488,173166,33905,79091,386,296924,583472
2025,3,"OH","PSA Airlines Inc.",21968,135882,35893,58413,721,230035,460944
2025,4,"OH","PSA Airlines Inc.",21311,136521,14271,58757,507,229221,439277
2025,5,"OH","PSA Airlines Inc.",22142,163621,37593,85991,609,287279,575093
2025,6,"OH","PSA Airlines Inc.",21162,186970,77563,97787,446,346195,708961
2025,7,"OH","PSA Airlines Inc.",21214,188873,81381,84454,593,299344,654645
2025,8,"OH","PSA Airlines Inc.",20393,129756,31555,49476,1377,220213,432377
2025,9,"OH","PSA Airlines Inc.",19218,81686,13583,35744,366,122703,254082
2025,10,"OH","PSA Airlines Inc.",20421,84273,8728,44713,340,139781,277835
2025,11,"OH","PSA Airlines Inc.",19746,108675,20260,69764,1183,229654,429536
2025,12,"OH","PSA Airlines Inc.",20497,189986,40102,66542,796,390368,687794
2019,1,"OO","SkyWest Airlines Inc.",65115,422076,143164,245478,499,487926,1299143
2019,2,"OO","SkyWest Airlines Inc.",59603,448993,145111,257095,649,505296,1357144
2019,3,"OO","SkyWest Airlines Inc.",70423,424658,79918,173983,990,392649,1072198
2019,4,"OO","SkyWest Airlines Inc.",68514,321574,78330,143289,2095,321329,866617
2019,5,"OO","SkyWest Airlines Inc.",72039,347103,76315,190084,485,393960,1007947
2019,6,"OO","SkyWest Airlines Inc.",72164,438098,91277,279585,5408,532876,1347244
2019,7,"OO","SkyWest Airlines Inc.",73753,441458,94892,231140,736,470372,1238598
2019,8,"OO","SkyWest Airlines Inc.",74973,389335,69375,191502,839,382466,1033517
2019,9,"OO","SkyWest Airlines Inc.",68050,272203,56618,186790,537,259724,775872
2019,10,"OO","SkyWest Airlines Inc.",72433,356429,68069,143171,729,332059,900457
2019,11,"OO","SkyWest Airlines Inc.",67716,281327,98782,144933,794,289315,815151
2019,12,"OO","SkyWest Airlines Inc.",71972,473345,127948,185341,838,484754,1272226
2020,1,"OO","SkyWest Airlines Inc.",71133,534583,143272,192408,662,47671,918596
2020,2,"OO","SkyWest Airlines Inc.",67043,498372,156131,196068,1512,50198,902281
2020,3,"OO","SkyWest Airlines Inc.",74151,208224,35492,67801,469,153573,465559
2020,4,"OO","SkyWest Airlines Inc.",39381,77858,9319,15114,106,17634,120031
2020,5,"OO","SkyWest Airlines Inc.",26042,49231,4342,10706,55,14939,79273
2020,6,"OO","SkyWest Airlines Inc.",26243,74078,18970,5006,0,11157,109211
2020,7,"OO","SkyWest Airlines Inc.",39948,189129,25156,8295,505,58124,281209
2020,8,"OO","SkyWest Airlines Inc.",49603,184395,30028,6675,85,37474,258657
2020,9,"OO","SkyWest Airlines Inc.",46686,165152,38644,7291,524,38917,250528
2020,10,"OO","SkyWest Airlines Inc.",51051,242772,60036,10228,744,87587,401367
2020,11,"OO","SkyWest Airlines Inc.",51029,183207,39005,6256,389,60663,289520
2020,12,"OO","SkyWest Airlines Inc.",54676,315619,91654,34402,909,89211,531795
2021,1,"OO","SkyWest Airlines Inc.",51995,264163,88190,24850,1425,76509,455137
2021,2,"OO","SkyWest Airlines Inc.",47307,359926,169422,23419,429,73261,626457
2021,3,"OO","SkyWest Airlines Inc.",57624,305902,57785,20091,1587,44294,429659
2021,4,"OO","SkyWest Airlines Inc.",56651,236947,47060,13033,821,48589,346450
2021,5,"OO","SkyWest Airlines Inc.",60400,302402,79214,33023,1142,104584,520365
2021,6,"OO","SkyWest Airlines Inc.",67511,529222,142034,73689,1560,347180,1093685
2021,7,"OO","SkyWest Airlines Inc.",72129,752531,155736,70830,2379,469879,1451355
2021,8,"OO","SkyWest Airlines Inc.",71599,628971,151511,85293,610,396636,1263021
2021,9,"OO","SkyWest Airlines Inc.",66970,368258,49856,35018,812,176805,630749
2021,10,"OO","SkyWest Airlines Inc.",68960,622737,103620,37997,1601,287684,1053639
2021,11,"OO","SkyWest Airlines Inc.",66277,466499,71504,7614,1369,165123,712109
2021,12,"OO","SkyWest Airlines Inc.",65920,755959,207401,29861,450,272872,1266543
2022,1,"OO","SkyWest Airlines Inc.",63129,670109,126954,20396,1253,207164,1025876
2022,2,"OO","SkyWest Airlines Inc.",54949,472802,137650,23116,1031,237565,872164
2022,3,"OO","SkyWest Airlines Inc.",60958,417684,97663,13076,2380,217170,747973
2022,4,"OO","SkyWest Airlines Inc.",63841,480558,108604,22117,3810,210195,825284
2022,5,"OO","SkyWest Airlines Inc.",66670,571256,90572,12778,1012,217128,892746
2022,6,"OO","SkyWest Airlines Inc.",66034,635050,72418,25991,2449,193705,929613
2022,7,"OO","SkyWest Airlines Inc.",65226,503611,93629,56998,2817,174831,831886
2022,8,"OO","SkyWest Airlines Inc.",63713,491829,106657,39652,1436,172161,811735
2022,9,"OO","SkyWest Airlines Inc.",62332,423717,56983,20720,917,116884,619221
2022,10,"OO","SkyWest Airlines Inc.",60574,328797,75540,15440,1380,100694,521851
2022,11,"OO","SkyWest Airlines Inc.",55731,422953,118539,17313,1208,119316,679329
2022,12,"OO","SkyWest Airlines Inc.",50437,506658,228176,30914,1406,225633,992787
2023,1,"OO","SkyWest Airlines Inc.",50349,433041,175490,45163,4324,211381,869399
2023,2,"OO","SkyWest Airlines Inc.",50528,388025,124901,22237,2283,177199,714645
2023,3,"OO","SkyWest Airlines Inc.",57851,417936,134473,59332,1979,181092,794812
2023,4,"OO","SkyWest Airlines Inc.",56064,339862,106972,35837,706,100610,583987
2023,5,"OO","SkyWest Airlines Inc.",56399,300856,54054,40438,778,116813,512939
2023,6,"OO","SkyWest Airlines Inc.",56382,418734,87604,61677,2496,156568,727079
2023,7,"OO","SkyWest Airlines Inc.",57290,413830,87052,65540,306,237306,804034
2023,8,"OO","SkyWest Airlines Inc.",58105,438012,79214,38331,1086,162578,719221
2023,9,"OO","SkyWest Airlines Inc.",59251,384302,56144,65395,1891,201606,709338
2023,10,"OO","SkyWest Airlines Inc.",59874,402938,84262,25398,993,145668,659259
2023,11,"OO","SkyWest Airlines Inc.",57193,281322,103246,92199,721,122465,599953
2023,12,"OO","SkyWest Airlines Inc.",55999,278735,196705,114426,780,136492,727138
2024,1,"OO","SkyWest Airlines Inc.",56811,581854,283294,149045,2353,249238,1265784
2024,2,"OO","SkyWest Airlines Inc.",53334,309267,122871,136973,2342,144220,715673
2024,3,"OO","SkyWest Airlines Inc.",56244,295635,95284,148643,2562,106778,648902
2024,4,"OO","SkyWest Airlines Inc.",59678,383551,99582,135810,1792,127124,747859
2024,5,"OO","SkyWest Airlines Inc.",62107,493692,194699,213722,1418,210313,1113844
2024,6,"OO","SkyWest Airlines Inc.",61845,625655,159933,162460,2503,185034,1135585
2024,7,"OO","SkyWest Airlines Inc.",63921,576996,120288,148283,1859,195682,1043108
2024,8,"OO","SkyWest Airlines Inc.",65389,531341,105929,169119,1426,206333,1014148
2024,9,"OO","SkyWest Airlines Inc.",64621,370414,68738,69106,557,171056,679871
2024,10,"OO","SkyWest Airlines Inc.",69057,456970,60830,64985,659,149460,732904
2024,11,"OO","SkyWest Airlines Inc.",65037,455842,139211,126201,474,169348,891076
2024,12,"OO","SkyWest Airlines Inc.",66593,616215,242631,152994,1453,211563,1224856
2025,1,"OO","SkyWest Airlines Inc.",65026,541772,181519,156670,1020,235074,1116055
2025,2,"OO","SkyWest Airlines Inc.",59782,542935,165502,162303,663,263987,1135390
2025,3,"OO","SkyWest Airlines Inc.",70500,539058,158294,181750,858,213556,1093516
2025,4,"OO","SkyWest Airlines Inc.",69327,437231,135673,195332,2623,164969,935828
2025,5,"OO","SkyWest Airlines Inc.",72969,478404,167276,218880,2275,193510,1060345
2025,6,"OO","SkyWest Airlines Inc.",73662,791280,175914,290773,3229,348379,1609575
2025,7,"OO","SkyWest Airlines Inc.",75876,726044,222290,306370,2424,328654,1585782
2025,8,"OO","SkyWest Airlines Inc.",74150,589077,175368,207339,1395,259054,1232233
2025,9,"OO","SkyWest Airlines Inc.",69402,372078,88572,131450,1075,134860,728035
2025,10,"OO","SkyWest Airlines Inc.",71928,502227,86833,134477,863,159320,883720
2025,11,"OO","SkyWest Airlines Inc.",68350,432384,149897,253434,352,152218,988285
2025,12,"OO","SkyWest Airlines Inc.",68816,872080,333444,324249,1082,441891,1972746
2019,1,"UA","United Air Lines Network",46915,137212,41221,295122,0,237279,710834
2019,2,"UA","United Air Lines Network",43722,138334,48240,277424,0,252263,716261
2019,3,"UA","United Air Lines Network",53651,175761,31011,198890,546,334667,740875
2019,4,"UA","United Air Lines Network",52292,180559,36730,209329,0,337621,764239
2019,5,"UA","United Air Lines Network",54360,215472,93933,314107,14,432717,1056243
2019,6,"UA","United Air Lines Network",54075,248294,75516,349370,1023,542931,1217134
2019,7,"UA","United Air Lines Network",56106,239722,115085,286053,0,507768,1148628
2019,8,"UA","United Air Lines Network",56223,236707,70150,290822,127,445638,1043444
2019,9,"UA","United Air Lines Network",52021,138224,31687,253457,0,273337,696705
2019,10,"UA","United Air Lines Network",55074,134363,18984,214209,36,249019,616611
2019,11,"UA","United Air Lines Network",50180,131963,13827,159395,48,225991,531224
2019,12,"UA","United Air Lines Network",51291,161066,27418,255759,0,306385,750628
2020,1,"UA","United Air Lines Network",48401,100378,20853,116132,0,173045,410408
2020,2,"UA","United Air Lines Network",46244,103908,10274,135275,0,184750,434207
2020,3,"UA","United Air Lines Network",53803,73522,5441,75371,0,101957,256291
2020,4,"UA","United Air Lines Network",17820,20401,935,2275,0,3329,26940
2020,5,"UA","United Air Lines Network",7166,12328,2244,2530,0,4151,21253
2020,6,"UA","United Air Lines Network",7290,13098,5989,6756,0,4675,30518
2020,7,"UA","United Air Lines Network",14973,24954,6770,15305,0,15324,62353
2020,8,"UA","United Air Lines Network",21628,36849,9784,20625,72,21096,88426
2020,9,"UA","United Air Lines Network",17253,27511,6705,10007,4,13079,57306
2020,10,"UA","United Air Lines Network",23589,47191,7213,20665,0,23022,98091
2020,11,"UA","United Air Lines Network",24158,42246,10753,19639,0,28355,100993
2020,12,"UA","United Air Lines Network",25892,60624,7573,38777,118,46069,153161
2021,1,"UA","United Air Lines Network",23960,40591,10322,42527,0,34165,127605
2021,2,"UA","United Air Lines Network",22280,53648,35939,48462,0,45615,183664
2021,3,"UA","United Air Lines Network",28946,50469,8656,35544,0,37473,132142
2021,4,"UA","United Air Lines Network",27787,51013,14383,50908,49,53523,169876
2021,5,"UA","United Air Lines Network",30957,78370,31055,57853,0,81442,248720
2021,6,"UA","United Air Lines Network",35760,143683,66922,153664,112,199200,563581
2021,7,"UA","United Air Lines Network",43445,228895,72738,199608,1285,344274,846800
2021,8,"UA","United Air Lines Network",44765,209243,66251,177999,0,292047,745540
2021,9,"UA","United Air Lines Network",44427,132511,23852,95363,42,154703,406471
2021,10,"UA","United Air Lines Network",47757,152886,15949,98412,0,180552,447799
2021,11,"UA","United Air Lines Network",47212,139471,4804,60312,131,140224,344942
2021,12,"UA","United Air Lines Network",49541,281946,17065,118918,311,284615,702855
2022,1,"UA","United Air Lines Network",45741,257475,25600,99145,8,214345,596573
2022,2,"UA","United Air Lines Network",43982,172397,17387,106887,165,180145,476981
2022,3,"UA","United Air Lines Network",50773,210242,22861,145054,59,309572,687788
2022,4,"UA","United Air Lines Network",49252,220594,29163,137641,193,277196,664787
2022,5,"UA","United Air Lines Network",53646,262443,41992,179973,0,345632,830040
2022,6,"UA","United Air Lines Network",53105,301238,50903,159743,10,365724,877618
2022,7,"UA","United Air Lines Network",55510,305057,44328,155676,15,371849,876925
2022,8,"UA","United Air Lines Network",54918,280909,63708,181771,559,327602,854549
2022,9,"UA","United Air Lines Network",50893,130685,24169,94165,24,131205,380248
2022,10,"UA","United Air Lines Network",56495,157220,5535,96263,32,147072,406122
2022,11,"UA","United Air Lines Network",53741,172659,18253,121632,230,211327,524101
2022,12,"UA","United Air Lines Network",58417,435405,48328,190033,79,550833,1224678
2023,1,"UA","United Air Lines Network",56657,281261,27462,223115,55,374992,906885
2023,2,"UA","United Air Lines Network",53408,229673,22170,163558,48,261804,677253
2023,3,"UA","United Air Lines Network",61590,264188,20698,223437,93,322303,830719
2023,4,"UA","United Air Lines Network",57791,342111,47566,216786,44,400105,1006612
2023,5,"UA","United Air Lines Network",62340,297711,45160,183542,0,373812,900225
2023,6,"UA","United Air Lines Network",62395,633946,63934,265266,344,614512,1578002
2023,7,"UA","United Air Lines Network",65002,549794,109429,310004,11,691631,1660869
2023,8,"UA","United Air Lines Network",66801,293062,39760,173547,622,377427,884418
2023,9,"UA","United Air Lines Network",62591,258550,48156,196115,226,263994,767041
2023,10,"UA","United Air Lines Network",65896,178540,9685,99736,77,197159,485197
2023,11,"UA","United Air Lines Network",57897,140682,4246,69948,101,144646,359623
2023,12,"UA","United Air Lines Network",59844,169926,9992,110522,65,192836,483341
2024,1,"UA","United Air Lines Network",58855,283178,97103,175194,0,413094,968569
2024,2,"UA","United Air Lines Network",56834,178123,32912,186916,142,234747,632840
2024,3,"UA","United Air Lines Network",64929,230840,22522,224012,119,320079,797572
2024,4,"UA","United Air Lines Network",61044,212483,24907,210036,59,321301,768786
2024,5,"UA","United Air Lines Network",64156,340346,101266,306195,53,578974,1326834
2024,6,"UA","United Air Lines Network",63005,316787,68404,250868,53,495139,1131251
2024,7,"UA","United Air Lines Network",65463,502544,70949,298359,52,653775,1525679
2024,8,"UA","United Air Lines Network",65939,319042,78783,258400,55,477465,1133745
2024,9,"UA","United Air Lines Network",64212,170378,13718,112834,0,203306,500236
2024,10,"UA","United Air Lines Network",68403,172611,7620,101616,0,180412,462259
2024,11,"UA","United Air Lines Network",63581,189051,16578,248620,0,264252,718501
2024,12,"UA","United Air Lines Network",64030,251777,44963,203088,37,303330,803195
2025,1,"UA","United Air Lines Network",62007,225300,29376,170665,0,248856,674197
2025,2,"UA","United Air Lines Network",57628,195080,46868,231583,52,249320,722903
2025,3,"UA","United Air Lines Network",66994,214753,41423,237175,129,304128,797608
2025,4,"UA","United Air Lines Network",64256,206353,34049,312686,0,310244,863332
2025,5,"UA","United Air Lines Network",67807,286678,73018,496941,42,407693,1264372
2025,6,"UA","United Air Lines Network",66324,330250,91957,416238,118,499912,1338475
2025,7,"UA","United Air Lines Network",69788,443061,147134,506130,241,712516,1809082
2025,8,"UA","United Air Lines Network",68946,344206,60269,326522,136,444799,1175932
2025,9,"UA","United Air Lines Network",67550,183562,26178,239013,0,267731,716484
2025,10,"UA","United Air Lines Network",71415,208211,13043,325440,1,250915,797610
2025,11,"UA","United Air Lines Network",66691,235908,28429,416368,0,375898,1056603
2025,12,"UA","United Air Lines Network",65865,265817,40458,322747,0,400591,1029613
2019,1,"WN","Southwest Airlines",111312,254331,16840,151403,1249,315380,739203
2019,2,"WN","Southwest Airlines",99500,416738,30694,188077,11647,543234,1190390
2019,3,"WN","Southwest Airlines",119413,382072,8314,112302,4164,420602,927454
2019,4,"WN","Southwest Airlines",115401,382319,28825,147707,2708,486883,1048442
2019,5,"WN","Southwest Airlines",117849,438658,44077,202717,2582,661411,1349445
2019,6,"WN","Southwest Airlines",115213,424311,55369,254869,6859,701850,1443258
2019,7,"WN","Southwest Airlines",119342,385128,57689,217831,3370,569988,1234006
2019,8,"WN","Southwest Airlines",116526,300938,42467,201967,1994,448247,995613
2019,9,"WN","Southwest Airlines",109217,187353,16282,112968,921,223969,541493
2019,10,"WN","Southwest Airlines",116465,276582,19598,140239,1703,362826,800948
2019,11,"WN","Southwest Airlines",109266,254624,8196,103336,3942,313033,683131
2019,12,"WN","Southwest Airlines",114442,401750,11873,167596,3742,558419,1143380
2020,1,"WN","Southwest Airlines",109770,187937,8654,81267,1007,192906,471771
2020,2,"WN","Southwest Airlines",101581,166873,6940,91512,1426,198350,465101
2020,3,"WN","Southwest Airlines",116689,101893,2874,81164,498,88647,275076
2020,4,"WN","Southwest Airlines",94362,23938,930,13355,328,7263,45814
2020,5,"WN","Southwest Airlines",45347,24670,3552,7338,285,11860,47705
2020,6,"WN","Southwest Airlines",63828,67492,13566,30204,393,59151,170806
2020,7,"WN","Southwest Airlines",82736,67140,14534,35953,497,57416,175540
2020,8,"WN","Southwest Airlines",84843,70554,16627,36390,494,59431,183496
2020,9,"WN","Southwest Airlines",63439,65791,3388,18737,256,41205,129377
2020,10,"WN","Southwest Airlines",64101,48895,3468,26139,866,26641,106009
2020,11,"WN","Southwest Airlines",70238,67250,2992,23249,481,45094,139066
2020,12,"WN","Southwest Airlines",64342,104518,3202,56764,952,87267,252703
2021,1,"WN","Southwest Airlines",61307,80565,2241,59297,510,68788,211401
2021,2,"WN","Southwest Airlines",52733,104047,9864,61395,1583,72755,249644
2021,3,"WN","Southwest Airlines",80574,164718,10120,66077,2835,186938,430688
2021,4,"WN","Southwest Airlines",80253,150857,16073,84774,3362,163796,418862
2021,5,"WN","Southwest Airlines",87286,286947,20602,142672,1712,366042,817975
2021,6,"WN","Southwest Airlines",98532,731863,45970,235160,4370,989583,2006946
2021,7,"WN","Southwest Airlines",103956,597618,50297,224146,3808,826652,1702521
2021,8,"WN","Southwest Airlines",104524,591086,51018,196429,3477,772933,1614943
2021,9,"WN","Southwest Airlines",97438,327756,14504,118693,1555,335123,797631
2021,10,"WN","Southwest Airlines",103300,575687,14514,170770,3763,711986,1476720
2021,11,"WN","Southwest Airlines",97398,335518,4027,86302,3622,357535,787004
2021,12,"WN","Southwest Airlines",97339,509433,12940,165086,3580,660780,1351819
2022,1,"WN","Southwest Airlines",97436,354485,12876,114247,1984,405678,889270
2022,2,"WN","Southwest Airlines",90965,299683,7487,97967,2208,310967,718312
2022,3,"WN","Southwest Airlines",103720,515769,19692,209823,4656,711218,1461158
2022,4,"WN","Southwest Airlines",102931,496619,22113,201946,2655,750811,1474144
2022,5,"WN","Southwest Airlines",108027,389472,22658,165254,3221,509044,1089649
2022,6,"WN","Southwest Airlines",111002,522121,30713,194658,3214,743397,1494103
2022,7,"WN","Southwest Airlines",117844,599033,49729,222895,7495,994190,1873342
2022,8,"WN","Southwest Airlines",118889,619011,57811,233722,10409,1030435,1951388
2022,9,"WN","Southwest Airlines",112410,392929,30832,152670,2096,574552,1153079
2022,10,"WN","Southwest Airlines",116520,341791,11031,129840,3456,436982,923100
2022,11,"WN","Southwest Airlines",111176,319622,7843,129497,2479,401173,860614
2022,12,"WN","Southwest Airlines",116229,693474,27613,216511,4143,877828,1819569
2023,1,"WN","Southwest Airlines",112430,378124,25209,205861,1745,659779,1270718
2023,2,"WN","Southwest Airlines",101455,229678,10307,135119,1503,330142,706749
2023,3,"WN","Southwest Airlines",117997,349990,19952,296926,4337,699913,1371118
2023,4,"WN","Southwest Airlines",115946,396064,34384,260410,4463,794636,1489957
2023,5,"WN","Southwest Airlines",122521,332718,25530,211140,2129,598154,1169671
2023,6,"WN","Southwest Airlines",119251,451730,57457,323133,5765,1012451,1850536
2023,7,"WN","Southwest Airlines",126469,547958,79561,366619,4083,1210042,2208263
2023,8,"WN","Southwest Airlines",125664,366429,36591,239757,3894,695021,1341692
2023,9,"WN","Southwest Airlines",117870,319884,35781,216367,3419,553721,1129172
2023,10,"WN","Southwest Airlines",128588,353131,13656,180791,3561,586574,1137713
2023,11,"WN","Southwest Airlines",122501,259181,3575,98936,3020,336021,700733
2023,12,"WN","Southwest Airlines",127773,323311,10236,160786,5239,526077,1025649
2024,1,"WN","Southwest Airlines",115389,379809,31696,259920,5734,668111,1345270
2024,2,"WN","Southwest Airlines",105207,232769,15094,193224,2413,388079,831579
2024,3,"WN","Southwest Airlines",125272,399792,23325,319493,4319,817692,1564621
2024,4,"WN","Southwest Airlines",120579,360631,23181,219094,3371,642248,1248525
2024,5,"WN","Southwest Airlines",122496,495397,71521,356737,3444,1166849,2093948
2024,6,"WN","Southwest Airlines",123817,502487,50958,260481,4880,916001,1734807
2024,7,"WN","Southwest Airlines",127642,591746,60000,303596,5501,1084224,2045067
2024,8,"WN","Southwest Airlines",118338,361283,43019,258777,3418,632635,1299132
2024,9,"WN","Southwest Airlines",112561,226824,10277,141152,1423,356397,736073
2024,10,"WN","Southwest Airlines",119251,232103,7014,124065,2030,355609,720821
2024,11,"WN","Southwest Airlines",112591,208470,11977,129580,2473,325410,677910
2024,12,"WN","Southwest Airlines",116276,350339,30541,196968,3303,736564,1317715
2025,1,"WN","Southwest Airlines",105307,239675,32973,161075,2682,370449,806854
2025,2,"WN","Southwest Airlines",100199,246600,19974,214121,1983,443046,925724
2025,3,"WN","Southwest Airlines",122432,342671,32021,240738,2829,663147,1281406
2025,4,"WN","Southwest Airlines",117622,321725,36164,248095,3144,654208,1263336
2025,5,"WN","Southwest Airlines",119819,395335,64692,350808,1740,816825,1629400
2025,6,"WN","Southwest Airlines",122348,527804,69296,363448,4725,1096328,2061601
2025,7,"WN","Southwest Airlines",125677,597280,100072,424035,4011,1234461,2359859
2025,8,"WN","Southwest Airlines",114519,346959,56245,267459,2946,674995,1348604
2025,9,"WN","Southwest Airlines",110361,258031,27109,205670,2339,460534,953683
2025,10,"WN","Southwest Airlines",121588,380211,21289,231735,2910,713078,1349223
2025,11,"WN","Southwest Airlines",113938,313766,16540,284959,3690,657321,1276276
2025,12,"WN","Southwest Airlines",118075,432083,19226,250474,6462,816606,1524851
2019,1,"YX","Republic Airline",25773,85649,20263,151015,190,157396,414513
2019,2,"YX","Republic Airline",23939,62845,18371,99203,359,108931,289709
2019,3,"YX","Republic Airline",27456,81158,11282,89042,202,103545,285229
2019,4,"YX","Republic Airline",27080,85207,14304,123736,170,136007,359424
2019,5,"YX","Republic Airline",28148,63799,24675,145388,377,139277,373516
2019,6,"YX","Republic Airline",27681,89401,23503,185227,568,203496,502195
2019,7,"YX","Republic Airline",28207,98426,27926,158979,676,151957,437964
2019,8,"YX","Republic Airline",28995,86647,23958,178633,351,192535,482124
2019,9,"YX","Republic Airline",27517,46194,8404,89027,276,80024,223925
2019,10,"YX","Republic Airline",28756,58445,5457,133159,231,125726,323018
2019,11,"YX","Republic Airline",27167,50069,6305,68244,164,74128,198910
2019,12,"YX","Republic Airline",28877,78608,15920,150751,313,181954,427546
2020,1,"YX","Republic Airline",29121,54427,14033,63968,185,68534,201147
2020,2,"YX","Republic Airline",27566,58947,9941,101394,63,141310,311655
2020,3,"YX","Republic Airline",29968,36293,2024,37200,60,34248,109825
2020,4,"YX","Republic Airline",12100,11882,1088,1766,0,2986,17722
2020,5,"YX","Republic Airline",5980,6395,370,2024,0,5760,14549
2020,6,"YX","Republic Airline",8925,8167,3014,7201,18,4808,23208
2020,7,"YX","Republic Airline",16849,25720,11944,26444,614,17610,82332
2020,8,"YX","Republic Airline",16745,16060,8474,23447,95,11395,59471
2020,9,"YX","Republic Airline",15382,17214,1256,8716,177,7426,34789
2020,10,"YX","Republic Airline",17372,15311,3659,19452,167,12129,50718
2020,11,"YX","Republic Airline",18507,28342,2958,20278,156,18355,70089
2020,12,"YX","Republic Airline",21257,51931,7736,26857,392,26760,113676
2021,1,"YX","Republic Airline",21720,41704,11711,39195,395,28896,121901
2021,2,"YX","Republic Airline",20378,63215,14527,51472,400,44418,174032
2021,3,"YX","Republic Airline",25776,51261,5637,27394,415,37368,122075
2021,4,"YX","Republic Airline",26505,70782,6461,30435,344,40804,148826
2021,5,"YX","Republic Airline",29174,74936,4495,28795,164,44061,152451
2021,6,"YX","Republic Airline",30811,160019,35481,117423,612,173670,487205
2021,7,"YX","Republic Airline",32691,186767,38052,119806,1304,194727,540656
2021,8,"YX","Republic Airline",31808,174543,38108,131228,529,172507,516915
2021,9,"YX","Republic Airline",29775,85192,17233,54705,89,72826,230045
2021,10,"YX","Republic Airline",29093,70595,7682,55208,527,59343,193355
2021,11,"YX","Republic Airline",27553,61302,2139,60481,592,67820,192334
2021,12,"YX","Republic Airline",27642,81684,18942,63585,423,53532,218166
2022,1,"YX","Republic Airline",27262,111748,16021,81760,220,97233,306982
2022,2,"YX","Republic Airline",24635,94736,14098,96393,345,131374,336946
2022,3,"YX","Republic Airline",30099,127836,19462,130074,558,162220,440150
2022,4,"YX","Republic Airline",29965,98803,14191,99561,158,146724,359437
2022,5,"YX","Republic Airline",31088,181728,26306,143842,158,233730,585764
2022,6,"YX","Republic Airline",28118,145134,29352,130615,238,148174,453513
2022,7,"YX","Republic Airline",26714,108513,29503,106767,119,157776,402678
2022,8,"YX","Republic Airline",26686,98931,26715,107715,222,106988,340571
2022,9,"YX","Republic Airline",25344,49575,9772,68650,241,66245,194483
2022,10,"YX","Republic Airline",23874,49546,7561,80539,157,76062,213865
2022,11,"YX","Republic Airline",22051,47272,10030,75101,327,69385,202115
2022,12,"YX","Republic Airline",20786,55181,15997,78432,173,63778,213561
2023,1,"YX","Republic Airline",24485,49343,13079,103827,61,82097,248407
2023,2,"YX","Republic Airline",23747,44556,13559,69056,42,59476,186689
2023,3,"YX","Republic Airline",27899,66655,7838,73859,227,58133,206712
2023,4,"YX","Republic Airline",27115,68601,20807,85607,243,111660,286918
2023,5,"YX","Republic Airline",26561,37800,1481,27755,159,36877,104072
2023,6,"YX","Republic Airline",23900,73038,30039,111832,256,89353,304518
2023,7,"YX","Republic Airline",25390,102491,49680,149435,289,127921,429816
2023,8,"YX","Republic Airline",24344,50180,15826,59377,469,64976,190828
2023,9,"YX","Republic Airline",24862,70509,22140,95952,367,74417,263385
2023,10,"YX","Republic Airline",23669,32838,1127,24145,191,35892,94193
2023,11,"YX","Republic Airline",22024,22734,870,19268,75,19272,62219
2023,12,"YX","Republic Airline",21655,31988,6200,31297,185,38319,107989
2024,1,"YX","Republic Airline",22957,75394,30897,80935,116,98713,286055
2024,2,"YX","Republic Airline",21623,23251,5810,31065,170,35325,95621
2024,3,"YX","Republic Airline",24377,35758,7276,41924,242,38961,124161
2024,4,"YX","Republic Airline",23899,53418,10711,59479,156,58213,181977
2024,5,"YX","Republic Airline",25555,66897,21891,89079,262,103353,281482
2024,6,"YX","Republic Airline",24524,81966,40766,96950,142,85185,305009
2024,7,"YX","Republic Airline",25642,128459,32172,146253,205,141836,448925
2024,8,"YX","Republic Airline",25919,100692,38567,117282,351,108994,365886
2024,9,"YX","Republic Airline",25439,37698,7166,49088,102,41865,135919
2024,10,"YX","Republic Airline",27176,37665,2637,41094,163,33149,114708
2024,11,"YX","Republic Airline",27300,50267,8772,74365,395,63458,197257
2024,12,"YX","Republic Airline",27288,76692,13332,92548,296,110026,292894
2025,1,"YX","Republic Airline",27854,71461,11020,83919,181,67176,233757
2025,2,"YX","Republic Airline",25512,92231,18949,124334,250,118361,354125
2025,3,"YX","Republic Airline",28854,88913,17453,99422,251,103692,309731
2025,4,"YX","Republic Airline",28396,75017,11278,97654,110,85593,269652
2025,5,"YX","Republic Airline",28075,95345,26231,203460,586,164686,490308
2025,6,"YX","Republic Airline",28903,148091,41391,186225,266,227697,603670
2025,7,"YX","Republic Airline",30400,165727,58749,209951,177,224694,659298
2025,8,"YX","Republic Airline",30040,102023,27176,102541,113,118360,350213
2025,9,"YX","Republic Airline",28296,68546,18367,122176,400,109532,319021
2025,10,"YX","Republic Airline",30382,81054,11159,181092,231,173731,447267
2025,11,"YX","Republic Airline",29367,96604,15540,182021,202,185081,479448
2025,12,"YX","Republic Airline",30225,145287,41266,182743,519,312140,681955
